{
    "loss": 1.8337568044662476,
    "accuracy": 0.7449026107788086
}