{
    "loss": 7.377054214477539,
    "accuracy": 0.6977797746658325
}