{
    "loss": 0.9257795810699463,
    "accuracy": 0.878568172454834
}