{
    "loss": 0.8444905281066895,
    "accuracy": 0.8998640775680542
}