{
    "loss": 3.5212323665618896,
    "accuracy": 0.6053466200828552
}