{
    "loss": 2.1052086353302,
    "accuracy": 0.6918894648551941
}